Rank,Name,Profile Link
# 1,Apicula,amazon.de/gp/profile/amzn1.account.AH3MZRQZZDZYZCRBNRD57TOZQG3Q/ref=cm_cr_tr_tbl_1_name
# 2,Liene,amazon.de/gp/profile/amzn1.account.AHWFZDV6MUFT3BU3ZR3WKB7K6P2Q/ref=cm_cr_tr_tbl_2_name
# 3,Hardy tested,amazon.de/gp/profile/amzn1.account.AFKRMYKELWKHDF4LCWFZ63ANT5QA/ref=cm_cr_tr_tbl_3_name
# 4,Robert Amper,amazon.de/gp/profile/amzn1.account.AEWIPHQ4X4T6GOYO5ESGQMLS64FA/ref=cm_cr_tr_tbl_4_name
# 5,LBM5,amazon.de/gp/profile/amzn1.account.AHGK4WZWZKUNPN6MQY6QVLEDH2UA/ref=cm_cr_tr_tbl_5_name
# 6,MM10,amazon.de/gp/profile/amzn1.account.AFCDJ55P5CTMARFGU6IBB2YKO2JA/ref=cm_cr_tr_tbl_6_name
# 7,anglophiler Philanthrop,amazon.de/gp/profile/amzn1.account.AHPCP5D3ULKDLXDVZIHUIVIIN73A/ref=cm_cr_tr_tbl_7_name
# 8,Kaventsmann,amazon.de/gp/profile/amzn1.account.AHUQTBVUAGXZ7NG6N5PPCJWE2O7Q/ref=cm_cr_tr_tbl_8_name
# 9,Katinka,amazon.de/gp/profile/amzn1.account.AHZQL6RN2PZUQJFGELBWGXR72QXA/ref=cm_cr_tr_tbl_9_name
# 10,kingofqueens81,amazon.de/gp/profile/amzn1.account.AFXR6CISOSFB5TCOQ6NYRYZDQRSA/ref=cm_cr_tr_tbl_10_name
# 11,F. Hagemeyer,amazon.de/gp/profile/amzn1.account.AFSNA6CXA5BPW7GUVQ26SVMB2AUQ/ref=cm_cr_tr_tbl_11_name
# 12,Bazi,amazon.de/gp/profile/amzn1.account.AFJDBIIUWLDKVAIFQ3T624XHKOWQ/ref=cm_cr_tr_tbl_12_name
# 13,Rum_Trauben_Nuss,amazon.de/gp/profile/amzn1.account.AH3XGOVB4PAXENSQHTFXFLZNXDTQ/ref=cm_cr_tr_tbl_13_name
# 14,Baltor,amazon.de/gp/profile/amzn1.account.AHP43JUM7KG3ORXWIWVEZABBVGMQ/ref=cm_cr_tr_tbl_14_name
# 15,LordSchelken ‚úîÔ∏è,amazon.de/gp/profile/amzn1.account.AH5DF4ORBLBC2UIC736B75NWXBSA/ref=cm_cr_tr_tbl_15_name
# 16,PlusMinus,amazon.de/gp/profile/amzn1.account.AEL762GEQ5P4JAYHN5GKCL5LVJZA/ref=cm_cr_tr_tbl_16_name
# 17,Segelflugpilot,amazon.de/gp/profile/amzn1.account.AESFQTYPQM5X7QZPHLXU4R3CQOCA/ref=cm_cr_tr_tbl_17_name
# 18,RalBro,amazon.de/gp/profile/amzn1.account.AHQZ4JTQR7XW3JJNUBP36YN3ZK5Q/ref=cm_cr_tr_tbl_18_name
# 19,totally fit,amazon.de/gp/profile/amzn1.account.AEYM742ONZ5TEJMMRQRLHNEYQFGQ/ref=cm_cr_tr_tbl_19_name
# 20,NozamazoN,amazon.de/gp/profile/amzn1.account.AEFBGMUGHVWUPZ467GS2BPDOJVBA/ref=cm_cr_tr_tbl_20_name
# 21,Firefly,amazon.de/gp/profile/amzn1.account.AEBZ6EMJMAUU7GKMDSMTSXRBMYDQ/ref=cm_cr_tr_tbl_21_name
# 22,Dakota Moon,amazon.de/gp/profile/amzn1.account.AHDP43CFDVK4JXPVH33QS4VTNEXA/ref=cm_cr_tr_tbl_22_name
# 23,chris_review_room,amazon.de/gp/profile/amzn1.account.AGG2Y2QKSFUIAFAIBDRM32KILDBQ/ref=cm_cr_tr_tbl_23_name
# 24,Acamar,amazon.de/gp/profile/amzn1.account.AF7O5DEGUH3DVJHG342CXQWJISBQ/ref=cm_cr_tr_tbl_24_name
# 25,Johanna aus Kassel,amazon.de/gp/profile/amzn1.account.AEAF5M6SH34YHX6QOQH2KWXHYMLA/ref=cm_cr_tr_tbl_25_name
# 26,Phoenix567,amazon.de/gp/profile/amzn1.account.AEA6X2DFBYCBMBTIZ26UJKWKVEYQ/ref=cm_cr_tr_tbl_26_name
# 27,Volker M.,amazon.de/gp/profile/amzn1.account.AGLDJNEZ2FGOFXDDIA43JMJVLOTQ/ref=cm_cr_tr_tbl_27_name
# 28,Holsteener,amazon.de/gp/profile/amzn1.account.AHVS3VHAUVKRBVP5GIRAVDXVN6QQ/ref=cm_cr_tr_tbl_28_name
# 29,Anja,amazon.de/gp/profile/amzn1.account.AFTNGKMRAPFYIXG6UXI2JFD3DPXA/ref=cm_cr_tr_tbl_29_name
# 30,J. Kleinholz Sir-Apfelot.de,amazon.de/gp/profile/amzn1.account.AGNFAYBHVHTIPGCDIEYBSQVH7JEQ/ref=cm_cr_tr_tbl_30_name
# 31,Pitti,amazon.de/gp/profile/amzn1.account.AHTRO2QKSJHD3LHVERHLW7QBOL6Q/ref=cm_cr_tr_tbl_31_name
# 32,DVD-Rezensionen,amazon.de/gp/profile/amzn1.account.AEWNHICKGMC5VXY7Y4YHAUQN3JFA/ref=cm_cr_tr_tbl_32_name
# 33,Sebastian,amazon.de/gp/profile/amzn1.account.AGEKFTO72GUDZHSBQHKJANYT3TKQ/ref=cm_cr_tr_tbl_33_name
# 34,Marius S.,amazon.de/gp/profile/amzn1.account.AH2EWVXGJVSDAQE3H2B3QJOBEYUQ/ref=cm_cr_tr_tbl_34_name
# 35,Peter Franke,amazon.de/gp/profile/amzn1.account.AG3OXXPIJC5UA3VP5CH3A5E7WAKQ/ref=cm_cr_tr_tbl_35_name
# 36,Testfreak,amazon.de/gp/profile/amzn1.account.AEQP6NVNN5KZIQPPPONZ3W7O47SA/ref=cm_cr_tr_tbl_36_name
# 37,Tastentester,amazon.de/gp/profile/amzn1.account.AFVZ7PAG2XJCPIIKND6MJBUAQ64Q/ref=cm_cr_tr_tbl_37_name
# 38,Oberberger S.K,amazon.de/gp/profile/amzn1.account.AHJ6TZ4ZWHQFAPZJJKTDXZLDA6LA/ref=cm_cr_tr_tbl_38_name
# 39,LightPro,amazon.de/gp/profile/amzn1.account.AEVPJQRNU4PETWEOWCST2G75UKKA/ref=cm_cr_tr_tbl_39_name
# 40,TKLNR,amazon.de/gp/profile/amzn1.account.AFSNQUPWYKOTGBNVRSUU3ITV2CRQ/ref=cm_cr_tr_tbl_40_name
# 41,Tobias,amazon.de/gp/profile/amzn1.account.AEJJ3AB6D7RXG2S3VMLSZCRYR6OA/ref=cm_cr_tr_tbl_41_name
# 42,RT,amazon.de/gp/profile/amzn1.account.AFF4K53QEQYXFJC4JJGYVNCMZWJA/ref=cm_cr_tr_tbl_42_name
# 43,Frank T,amazon.de/gp/profile/amzn1.account.AFNTNIBWHGMWA4OMDBH6GDBNDQ5A/ref=cm_cr_tr_tbl_43_name
# 44,Andi,amazon.de/gp/profile/amzn1.account.AFSMXYN3H6U2GNVIJVZ54JPVLTMA/ref=cm_cr_tr_tbl_44_name
# 45,P.Br√ºckner,amazon.de/gp/profile/amzn1.account.AFGQQGJKC5S6YI7UWXHOHXXHGNXQ/ref=cm_cr_tr_tbl_45_name
# 46,M24124,amazon.de/gp/profile/amzn1.account.AG6VKJNVRBTFOTDLGVYZ5Y7Z4WJQ/ref=cm_cr_tr_tbl_46_name
# 47,Strikeforce,amazon.de/gp/profile/amzn1.account.AEMQV2HXR2ZLFNLQHOPCL3YTU2UA/ref=cm_cr_tr_tbl_47_name
# 48,Jouvancourt,amazon.de/gp/profile/amzn1.account.AEN3DYISV6SHEGZXYDXLZWFOP2IQ/ref=cm_cr_tr_tbl_48_name
# 49,Gargamel,amazon.de/gp/profile/amzn1.account.AHIODZSITY33R4YXZWM2IJ4MERBA/ref=cm_cr_tr_tbl_49_name
# 50,Viking,amazon.de/gp/profile/amzn1.account.AG52AQOVZPLYGLSHOBHIGR3HHWQA/ref=cm_cr_tr_tbl_50_name
# 51,Dr. M.,amazon.de/gp/profile/amzn1.account.AH5QKN2BFFPYSTPETFDYGAEV2ADA/ref=cm_cr_tr_tbl_51_name
# 52,zerigela,amazon.de/gp/profile/amzn1.account.AEY6PQ3MWQSD3HIKKUPUZPQWZJNQ/ref=cm_cr_tr_tbl_52_name
# 53,Fotomo,amazon.de/gp/profile/amzn1.account.AH4IC4ZLHTXVB7T3XKJNRGXKLHFQ/ref=cm_cr_tr_tbl_53_name
# 54,L@rs,amazon.de/gp/profile/amzn1.account.AG4PBY3B2UELQ6UHWBFWTVXKM6XA/ref=cm_cr_tr_tbl_54_name
# 55,Max Lupin,amazon.de/gp/profile/amzn1.account.AFETBJK5XUGP4DUZLJWVMQOMA7FQ/ref=cm_cr_tr_tbl_55_name
# 56,f√©e,amazon.de/gp/profile/amzn1.account.AHA22YFZNHOEIEWXDEEH7AW4E63Q/ref=cm_cr_tr_tbl_56_name
# 57,Krabbe,amazon.de/gp/profile/amzn1.account.AE5YB5QO56ZQ6TC6EUJQHTUNNVIQ/ref=cm_cr_tr_tbl_57_name
# 58,Fabian,amazon.de/gp/profile/amzn1.account.AHU34WXLEQ6NUIY7U7YNF6IPP7LQ/ref=cm_cr_tr_tbl_58_name
# 59,Dr. Schmidt,amazon.de/gp/profile/amzn1.account.AHLMA6UVM5VDKLAZTXOG6VNCOT2Q/ref=cm_cr_tr_tbl_59_name
# 60,mrbowlfish,amazon.de/gp/profile/amzn1.account.AEN5VB6HXGAZSU36BO7TWJTBKX2Q/ref=cm_cr_tr_tbl_60_name
# 61,DerTestMichel,amazon.de/gp/profile/amzn1.account.AHAFS76LDJHRGAUVEWULLQW6HQVQ/ref=cm_cr_tr_tbl_61_name
# 62,Kai,amazon.de/gp/profile/amzn1.account.AG3YUMYEU6SH4VM2TWCPL4PX73MQ/ref=cm_cr_tr_tbl_62_name
# 63,Matthias M√ºller,amazon.de/gp/profile/amzn1.account.AFF2R3WZZYLEPU3WUXSOBKEIEPUQ/ref=cm_cr_tr_tbl_63_name
# 64,Thomas,amazon.de/gp/profile/amzn1.account.AFLYCSW4LRE7XHZ2AJYOCUXWJYCQ/ref=cm_cr_tr_tbl_64_name
# 65,Rock'n'Roll-Queen,amazon.de/gp/profile/amzn1.account.AFBHFAJF4EZM3NMRQISGTRQRZSOA/ref=cm_cr_tr_tbl_65_name
# 66,SmartHome-ON,amazon.de/gp/profile/amzn1.account.AG7DZ6LWSSHAVE2FHKKXX2NRXW2Q/ref=cm_cr_tr_tbl_66_name
# 67,ama.rezension,amazon.de/gp/profile/amzn1.account.AE56JB4BTX7LGJQEXXAMXS2MVAGA/ref=cm_cr_tr_tbl_67_name
# 68,TechScape,amazon.de/gp/profile/amzn1.account.AFHXH3RSVNPIOTDTJAJK3RM5USEA/ref=cm_cr_tr_tbl_68_name
# 69,flotschi,amazon.de/gp/profile/amzn1.account.AEQE75MNKB26NHK7ESQBSY3EOLAA/ref=cm_cr_tr_tbl_69_name
# 70,BreKo,amazon.de/gp/profile/amzn1.account.AF2FXK2D76VCSN53GH6LMOWZUKUQ/ref=cm_cr_tr_tbl_70_name
# 71,Stefan,amazon.de/gp/profile/amzn1.account.AEEW2BOBDU7K33MS3NKCR6FTLYRQ/ref=cm_cr_tr_tbl_71_name
# 72,Florian G.,amazon.de/gp/profile/amzn1.account.AFMDJOO5ZTQSBPBDVX34WKP3X7ZQ/ref=cm_cr_tr_tbl_72_name
# 73,Happyx,amazon.de/gp/profile/amzn1.account.AHTFLOYSKDZ4GYOQCPABN3KSP4MA/ref=cm_cr_tr_tbl_73_name
# 74,Benjamin T.,amazon.de/gp/profile/amzn1.account.AG5LPYNHEDUE55FK4AWD7K2HN7XQ/ref=cm_cr_tr_tbl_74_name
# 75,K. B.,amazon.de/gp/profile/amzn1.account.AFGUP3SV253XVUBP327BS4X34LDQ/ref=cm_cr_tr_tbl_75_name
# 76,Tristard,amazon.de/gp/profile/amzn1.account.AFOTAZ4ZEEOG2RPUIC4P4YABSVKQ/ref=cm_cr_tr_tbl_76_name
# 77,My Hits for Family & Kids,amazon.de/gp/profile/amzn1.account.AGW3BLECJ54X4DZMCNDAFWKURECQ/ref=cm_cr_tr_tbl_77_name
# 78,H.,amazon.de/gp/profile/amzn1.account.AGQ2L3J6IIZ2G2LTSCNISOZU4IFQ/ref=cm_cr_tr_tbl_78_name
# 79,Sylvi,amazon.de/gp/profile/amzn1.account.AGNBR52GBNSLWHDQ5RLOXVOJD2YQ/ref=cm_cr_tr_tbl_79_name
# 80,Retset,amazon.de/gp/profile/amzn1.account.AHU7DJYU5PMLYHYETPROJXPWYC4A/ref=cm_cr_tr_tbl_80_name
# 81,Abacus,amazon.de/gp/profile/amzn1.account.AFZWS6ZAYW5BTES64ASAEKCNEYFA/ref=cm_cr_tr_tbl_81_name
# 82,Flow,amazon.de/gp/profile/amzn1.account.AG6MGMHQZU3QZRWYKR5HX6YDXMAQ/ref=cm_cr_tr_tbl_82_name
# 83,T.J.,amazon.de/gp/profile/amzn1.account.AELLIJ4AJNEL5RCD3JWOABB4ANWQ/ref=cm_cr_tr_tbl_83_name
# 84,Rosenkaefer1,amazon.de/gp/profile/amzn1.account.AH6I26H34XWFCSBR6CXMFLPJRKEQ/ref=cm_cr_tr_tbl_84_name
# 85,Weazle,amazon.de/gp/profile/amzn1.account.AF6MLQJOCD2PAJ45DM5MLQEJHBCQ/ref=cm_cr_tr_tbl_85_name
# 86,Sam,amazon.de/gp/profile/amzn1.account.AF4QZXDFFALJOA4VKBCLUFLDVLGQ/ref=cm_cr_tr_tbl_86_name
# 87,Kaufmann,amazon.de/gp/profile/amzn1.account.AHF7YYNTXL3RSLPUZQQE5EIBDS5A/ref=cm_cr_tr_tbl_87_name
# 88,nr2,amazon.de/gp/profile/amzn1.account.AFWOKDVDJ5OEIJU5D6LR7454QBOQ/ref=cm_cr_tr_tbl_88_name
# 89,Markus,amazon.de/gp/profile/amzn1.account.AEPLGCICWZ7GKBF3L6BMUPMAFXCQ/ref=cm_cr_tr_tbl_89_name
# 90,K√§ufer und Tester,amazon.de/gp/profile/amzn1.account.AGSRY6QFGN772UFI2BVNQPLJRDYA/ref=cm_cr_tr_tbl_90_name
# 91,Bonnie - the Husky,amazon.de/gp/profile/amzn1.account.AH3ANXVNGRP45FMHSG74JAQHXP3A/ref=cm_cr_tr_tbl_91_name
# 92,sb47,amazon.de/gp/profile/amzn1.account.AF4VKUICMLB34TBLV2DSLT5OF7FQ/ref=cm_cr_tr_tbl_92_name
# 93,NSchuder,amazon.de/gp/profile/amzn1.account.AE5VWK2E2HH5JWLJU4NGDCQE7D3A/ref=cm_cr_tr_tbl_93_name
# 94,Desiree V.,amazon.de/gp/profile/amzn1.account.AEQAUOMP3MWZO5KGNOS5XS4TQLTA/ref=cm_cr_tr_tbl_94_name
# 95,yufu,amazon.de/gp/profile/amzn1.account.AHQMX2Z22EQP7LME3CTU27VJ2OZQ/ref=cm_cr_tr_tbl_95_name
# 96,Fuchs Werner Dr,amazon.de/gp/profile/amzn1.account.AFUZF4IDDRMXOOX4EEAGP6AMNOYA/ref=cm_cr_tr_tbl_96_name
# 97,NoKiE,amazon.de/gp/profile/amzn1.account.AEKJSBCSXHU5EZSGORXF5MXX3MJQ/ref=cm_cr_tr_tbl_97_name
# 98,S. B.,amazon.de/gp/profile/amzn1.account.AHL4AKG7W426WYVWJO3Z42FUEKVA/ref=cm_cr_tr_tbl_98_name
# 99,Mary#1,amazon.de/gp/profile/amzn1.account.AEJT3HID6NOOWK6Y7OCTFRNZ3C2Q/ref=cm_cr_tr_tbl_99_name
# 100,TripleH,amazon.de/gp/profile/amzn1.account.AEHA3XXFNVE6VBOLRNF5MBFMAXHA/ref=cm_cr_tr_tbl_100_name
# 101,TomTom,amazon.de/gp/profile/amzn1.account.AEXJZED5JNKTJMHKI46HJOEINLNA/ref=cm_cr_tr_tbl_101_name
# 102,EntscheidungsHelfer,amazon.de/gp/profile/amzn1.account.AH6JBB73DYV55OPA6R6S5CQIXX6Q/ref=cm_cr_tr_tbl_102_name
# 103,Teufeline,amazon.de/gp/profile/amzn1.account.AFAFIZYIXXMIL4S4ZW7YRD2ERFXQ/ref=cm_cr_tr_tbl_103_name
# 104,FoodPassion,amazon.de/gp/profile/amzn1.account.AFCOW5ELMJS6QXRRZKMBB3NBDM2Q/ref=cm_cr_tr_tbl_104_name
# 105,Josef Z,amazon.de/gp/profile/amzn1.account.AFVNHAAQLFAABZK54DU56IQUS5IA/ref=cm_cr_tr_tbl_105_name
# 106,Marc von Roth,amazon.de/gp/profile/amzn1.account.AH3TWMYKVUQ55FEOHUSU6KQZ4N2A/ref=cm_cr_tr_tbl_106_name
# 107,Pedro Pony,amazon.de/gp/profile/amzn1.account.AEKODHR4UYWRFGPQLYOB47W6KVTQ/ref=cm_cr_tr_tbl_107_name
# 108,QUALiTY FiRST,amazon.de/gp/profile/amzn1.account.AFQ533IGCGNP2G4RD437HEOZ2ISA/ref=cm_cr_tr_tbl_108_name
# 109,TWA,amazon.de/gp/profile/amzn1.account.AFUCX2IDSTCL4X2Y6DXHFU2SHETQ/ref=cm_cr_tr_tbl_109_name
# 110,Kristian,amazon.de/gp/profile/amzn1.account.AHPCBP6NN6QNBYHHRIOYAR7SA4CQ/ref=cm_cr_tr_tbl_110_name
# 111,Umut Entropie,amazon.de/gp/profile/amzn1.account.AESG75B7XH6243KZAQBXLW3TPDPQ/ref=cm_cr_tr_tbl_111_name
# 112,Chris Melzer (ChrisDMelzer@aol.com),amazon.de/gp/profile/amzn1.account.AFDPGFHTPHHDF6OFDTJLAAWFV5QQ/ref=cm_cr_tr_tbl_112_name
# 113,Peter P.,amazon.de/gp/profile/amzn1.account.AHYIH2RCYQKE4H3LVWYUNU7AOTAQ/ref=cm_cr_tr_tbl_113_name
# 114,Alexander Teuchtmann,amazon.de/gp/profile/amzn1.account.AGYA6O4657MMDYBSZKPUXONDUYCA/ref=cm_cr_tr_tbl_114_name
# 115,N'importe qui,amazon.de/gp/profile/amzn1.account.AH7GBQ7FDOCY7WQ3PJ6HVKWPZNQA/ref=cm_cr_tr_tbl_115_name
# 116,Amazonien,amazon.de/gp/profile/amzn1.account.AFU7DGMGAJ22ABZU77KSJ5WWL2PQ/ref=cm_cr_tr_tbl_116_name
# 117,Sab.Be77,amazon.de/gp/profile/amzn1.account.AHPEWRKULSJ45IMK7MHWG6GDRUYA/ref=cm_cr_tr_tbl_117_name
# 118,j.h.,amazon.de/gp/profile/amzn1.account.AHCCPTNRIFXW42MF6NPWBQCCEKUQ/ref=cm_cr_tr_tbl_118_name
# 119,Silver,amazon.de/gp/profile/amzn1.account.AFFJG4ONIRYCRSWPDT3UEN47RTGA/ref=cm_cr_tr_tbl_119_name
# 120,Christian D√∂ring,amazon.de/gp/profile/amzn1.account.AFWMIAMGRHGOYUGUC6CBPNK7JJYA/ref=cm_cr_tr_tbl_120_name
# 121,Michael H.,amazon.de/gp/profile/amzn1.account.AELQ7ZFA3QUJMKYBKP55F362XOBQ/ref=cm_cr_tr_tbl_121_name
# 122,K√§ufer,amazon.de/gp/profile/amzn1.account.AE3OE7RZOO72QEBUQR6WYMIJRPOA/ref=cm_cr_tr_tbl_122_name
# 123,miradea,amazon.de/gp/profile/amzn1.account.AHJCVSWSUYNEG5BDH7ZYZLCHYA4A/ref=cm_cr_tr_tbl_123_name
# 124,Peter Fischer,amazon.de/gp/profile/amzn1.account.AEFGZSQACMIJYLRWUGEZDOHGTFWA/ref=cm_cr_tr_tbl_124_name
# 125,Tobias.Q,amazon.de/gp/profile/amzn1.account.AE5PT3P4LD45XMMM33QAOC35FXCQ/ref=cm_cr_tr_tbl_125_name
# 126,ETK,amazon.de/gp/profile/amzn1.account.AEJPWPQDDVS37ZMYQAUY3KPAZO4A/ref=cm_cr_tr_tbl_126_name
# 127,Allroundmanagerin,amazon.de/gp/profile/amzn1.account.AGZMKNZ7KXNJZDBBPRLMHSKXQT7Q/ref=cm_cr_tr_tbl_127_name
# 128,‚òÄÔ∏èSunny¬≤,amazon.de/gp/profile/amzn1.account.AFGHKC3FOIYQYTTCCKFJ24RVBAAQ/ref=cm_cr_tr_tbl_128_name
# 129,HeiSteBS,amazon.de/gp/profile/amzn1.account.AFQ2VRG6L2EP6FNTOGZWOVWNQQ3A/ref=cm_cr_tr_tbl_129_name
# 130,A. D.,amazon.de/gp/profile/amzn1.account.AGQEUXE4GBBBAQDOHLBC3VKU4Y5A/ref=cm_cr_tr_tbl_130_name
# 131,Katja P,amazon.de/gp/profile/amzn1.account.AHNQFCRYDEOQAP7XPLCWE5WXB2BA/ref=cm_cr_tr_tbl_131_name
# 132,Matthias H.,amazon.de/gp/profile/amzn1.account.AED2CBC2SK7F364XT2TI3A6FBWPA/ref=cm_cr_tr_tbl_132_name
# 133,Miss red Pinguin,amazon.de/gp/profile/amzn1.account.AHQ33GJUWGZC23OC7E5Z2ARDNBZQ/ref=cm_cr_tr_tbl_133_name
# 134,phgo,amazon.de/gp/profile/amzn1.account.AHYMA2RFFR43MHDGSQNHMKR6VKUQ/ref=cm_cr_tr_tbl_134_name
# 135,Michael Dienstbier,amazon.de/gp/profile/amzn1.account.AFSM5UMKUH22T5OSYPPPLHNQ6AAQ/ref=cm_cr_tr_tbl_135_name
# 136,Christian,amazon.de/gp/profile/amzn1.account.AH2OEU7MDMHLTHBUBK7ESWN3I2TA/ref=cm_cr_tr_tbl_136_name
# 137,Christian K.,amazon.de/gp/profile/amzn1.account.AHZEHRWVM7VBRWNGBVCLX7SKBXSQ/ref=cm_cr_tr_tbl_137_name
# 138,Selim L.,amazon.de/gp/profile/amzn1.account.AEH4OQVP6RBXQVOWV7YTMJEZBDUA/ref=cm_cr_tr_tbl_138_name
# 139,55EsiNEd77,amazon.de/gp/profile/amzn1.account.AEKR6L4MJOWNPJQQ3DUKVNFPUSMQ/ref=cm_cr_tr_tbl_139_name
# 140,M. G.,amazon.de/gp/profile/amzn1.account.AHQ7GXJ5YTXVZNYKVSXOKYCU4FRQ/ref=cm_cr_tr_tbl_140_name
# 141,Ron,amazon.de/gp/profile/amzn1.account.AE5JVD6BG3ZRYNKTCVUWNLG3XGQQ/ref=cm_cr_tr_tbl_141_name
# 142,marcolino1107,amazon.de/gp/profile/amzn1.account.AHORPQWMJA76UH4EUCPU2DBO2AXQ/ref=cm_cr_tr_tbl_142_name
# 143,Mr. Zet,amazon.de/gp/profile/amzn1.account.AHWGUPJSVK32WQBXK3GM3UJS37EQ/ref=cm_cr_tr_tbl_143_name
# 144,Megamel,amazon.de/gp/profile/amzn1.account.AGOZ3TYID43DTGU5D2HO7K25K4BQ/ref=cm_cr_tr_tbl_144_name
# 145,Lions-Dream,amazon.de/gp/profile/amzn1.account.AHOL7JESEEHYSQOB6MTZGV4LIB3A/ref=cm_cr_tr_tbl_145_name
# 146,Chris R.,amazon.de/gp/profile/amzn1.account.AHO5IHD6XUAQMTVL6OSVHID5AYGQ/ref=cm_cr_tr_tbl_146_name
# 147,Miki101.Maus  üê≠,amazon.de/gp/profile/amzn1.account.AHP55QOVFFB75GVIRV6EAAFH6ZSA/ref=cm_cr_tr_tbl_147_name
# 148,Marie,amazon.de/gp/profile/amzn1.account.AH42U75CW2GKDDP3LFE7EUV46EWA/ref=cm_cr_tr_tbl_148_name
# 149,Manuel K√ºfeldt,amazon.de/gp/profile/amzn1.account.AHIML2WDUBRNHH47SS5PZEWVBOJA/ref=cm_cr_tr_tbl_149_name
# 150,Gingerbread,amazon.de/gp/profile/amzn1.account.AG6QNRVSCDI55SOEY5PM2SFUHQXQ/ref=cm_cr_tr_tbl_150_name
# 151,Khaleesi,amazon.de/gp/profile/amzn1.account.AFQBWKARVV7OS2NYSMP64FBWH2GQ/ref=cm_cr_tr_tbl_151_name
# 152,M1M,amazon.de/gp/profile/amzn1.account.AE6KUMJCKCV5B5PU4VMXONVPJSTA/ref=cm_cr_tr_tbl_152_name
# 153,$chlangee,amazon.de/gp/profile/amzn1.account.AHYVJ6PY7RRIDRIKG2E3UJMRLIMA/ref=cm_cr_tr_tbl_153_name
# 154,Manfred Orlick,amazon.de/gp/profile/amzn1.account.AG7ZQVAUGUIQP2PIJNNAKDIUFXVA/ref=cm_cr_tr_tbl_154_name
# 155,DIY-Forever,amazon.de/gp/profile/amzn1.account.AGCGEVD7RPYJ65T2CZMST35X3RXQ/ref=cm_cr_tr_tbl_155_name
# 156,Yogi ‚ù§Ô∏è,amazon.de/gp/profile/amzn1.account.AG4S6PLWDKKK7VXUL2ZPFIE42XSA/ref=cm_cr_tr_tbl_156_name
# 157,Detlef R√ºsch,amazon.de/gp/profile/amzn1.account.AH6NBEGKDNPU23BH6V7DI2MGNZ3A/ref=cm_cr_tr_tbl_157_name
# 158,Micha Marsch,amazon.de/gp/profile/amzn1.account.AGOOOOT6S4RAIU4CMTBM6NVNPAWQ/ref=cm_cr_tr_tbl_158_name
# 159,Dominik Schuierer,amazon.de/gp/profile/amzn1.account.AEVICYP6V74UD2CNKGOAGWUUGDQA/ref=cm_cr_tr_tbl_159_name
# 160,Chris P.,amazon.de/gp/profile/amzn1.account.AGAUCMDUR3J6QCM5Q624JFOV337Q/ref=cm_cr_tr_tbl_160_name
# 161,Oh Captain my Captain,amazon.de/gp/profile/amzn1.account.AGH3FMTSZHMMUYJXD3KMYJKCUTHA/ref=cm_cr_tr_tbl_161_name
# 162,MalteS,amazon.de/gp/profile/amzn1.account.AFKZWIVE5PCCFCNXQVSJBKW3NLUQ/ref=cm_cr_tr_tbl_162_name
# 163,sixpack7791,amazon.de/gp/profile/amzn1.account.AEZHL5UT44KWOU53BQZXT4YUBLVA/ref=cm_cr_tr_tbl_163_name
# 164,Oli,amazon.de/gp/profile/amzn1.account.AGRSHNKZNNTIG5BRO7DKRKZSBOOA/ref=cm_cr_tr_tbl_164_name
# 165,Jan,amazon.de/gp/profile/amzn1.account.AGJ2SPYFHFUQNBLGVH65WT3DNZ2A/ref=cm_cr_tr_tbl_165_name
# 166,Seaside,amazon.de/gp/profile/amzn1.account.AEZSPYNU4JM4BFEFMZY5IF46RBBQ/ref=cm_cr_tr_tbl_166_name
# 167,Frank Deckmann,amazon.de/gp/profile/amzn1.account.AFXSQ3DX47WF2F6CLZIRAQWVPUCQ/ref=cm_cr_tr_tbl_167_name
# 168,Rene Th√∂ne,amazon.de/gp/profile/amzn1.account.AEPDVWNCPTX2CAAPBC6IBKRDIJXQ/ref=cm_cr_tr_tbl_168_name
# 169,JazB,amazon.de/gp/profile/amzn1.account.AF45MOW2MCSMRPYP23FLTOQECKZA/ref=cm_cr_tr_tbl_169_name
# 170,PC-DIDI,amazon.de/gp/profile/amzn1.account.AHIB6WU4U623EP6L2NUFPSY4OSAA/ref=cm_cr_tr_tbl_170_name
# 171,tipundtop,amazon.de/gp/profile/amzn1.account.AFXBO2TAZBDC2MIMNUXWQMEGGQSA/ref=cm_cr_tr_tbl_171_name
# 172,Kai,amazon.de/gp/profile/amzn1.account.AFHDLHHKPYM7ISED7PLNFMRU26PQ/ref=cm_cr_tr_tbl_172_name
# 173,Andreas & Simeon,amazon.de/gp/profile/amzn1.account.AF64HOYIGYITHQLZPVBSUQUWM6IA/ref=cm_cr_tr_tbl_173_name
# 174,Amazonenlover,amazon.de/gp/profile/amzn1.account.AGQLBVJRD7U3V3M77PKBI7VHUMGQ/ref=cm_cr_tr_tbl_174_name
# 175,pcbauer,amazon.de/gp/profile/amzn1.account.AGZZXHASJKVXJOMXPRIU24VF3XPA/ref=cm_cr_tr_tbl_175_name
# 176,spitzi,amazon.de/gp/profile/amzn1.account.AFZMM3VVKTLZQBIUX7LYVWOXPRWQ/ref=cm_cr_tr_tbl_176_name
# 177,M. Mueller,amazon.de/gp/profile/amzn1.account.AGWG77CWFGU55WHH2AANXWSZQTQA/ref=cm_cr_tr_tbl_177_name
# 178,Elena,amazon.de/gp/profile/amzn1.account.AEYPIKFQLSRQ4KQAFTLYDOG7IUPQ/ref=cm_cr_tr_tbl_178_name
# 179,nokiN,amazon.de/gp/profile/amzn1.account.AHEE5HPP2NFOARSQDOXUN4RZG77A/ref=cm_cr_tr_tbl_179_name
# 180,Romy F.,amazon.de/gp/profile/amzn1.account.AGOXG2FVXUWBOPLM22DRQWLXEMCQ/ref=cm_cr_tr_tbl_180_name
# 181,Sunflower,amazon.de/gp/profile/amzn1.account.AGW6VDGDIGRWFWSF6L263LZBN3GQ/ref=cm_cr_tr_tbl_181_name
# 182,Bill,amazon.de/gp/profile/amzn1.account.AF7SYPWZJLQCQCKARKSUT3L4QR7A/ref=cm_cr_tr_tbl_182_name
# 183,michi [minik],amazon.de/gp/profile/amzn1.account.AH53S4HHEIMGWEPJRSO3GHPZA2ZQ/ref=cm_cr_tr_tbl_183_name
# 184,Christian K,amazon.de/gp/profile/amzn1.account.AF5FHHO7UCVAXWGCF7RT2LX363HQ/ref=cm_cr_tr_tbl_184_name
# 185,LS,amazon.de/gp/profile/amzn1.account.AHXAPQMOS5XGERDTOVA43EGTLH4Q/ref=cm_cr_tr_tbl_185_name
# 186,Wunderwuzzi,amazon.de/gp/profile/amzn1.account.AEQUQ3M5M2RAUAFEFIYAQGYEJEYQ/ref=cm_cr_tr_tbl_186_name
# 187,Willmore,amazon.de/gp/profile/amzn1.account.AER3YGAUUXBGOYYTQ5MB3LPOWLTA/ref=cm_cr_tr_tbl_187_name
# 188,Sparferkel,amazon.de/gp/profile/amzn1.account.AE7AT6Y7LAV62SIYXKA2W6SLO5ZA/ref=cm_cr_tr_tbl_188_name
# 189,tom l.,amazon.de/gp/profile/amzn1.account.AGXSA7D4M5HFDDRSYMDHKENCTEIQ/ref=cm_cr_tr_tbl_189_name
# 190,DasMeer,amazon.de/gp/profile/amzn1.account.AGMUVUREF3BYDXEVQWMX374ANMNQ/ref=cm_cr_tr_tbl_190_name
# 191,S. Berghauser,amazon.de/gp/profile/amzn1.account.AEG35GDXYYCENCX3LJAGE2EFVZMQ/ref=cm_cr_tr_tbl_191_name
# 192,Jassi,amazon.de/gp/profile/amzn1.account.AEITCRUNFEXJHB36C7HC5WPTRVYQ/ref=cm_cr_tr_tbl_192_name
# 193,eCommercer,amazon.de/gp/profile/amzn1.account.AGUP6NOURWV4NFAP3VBYROSCRHLQ/ref=cm_cr_tr_tbl_193_name
# 194,Aus_Interesse,amazon.de/gp/profile/amzn1.account.AFQFXETNAAGRNFED7BSJH65BGTJQ/ref=cm_cr_tr_tbl_194_name
# 195,Chiron,amazon.de/gp/profile/amzn1.account.AFD4I5YGQT2VOO3IJW57BGYSKPOA/ref=cm_cr_tr_tbl_195_name
# 196,Enrico Palazzo,amazon.de/gp/profile/amzn1.account.AFUCPAF3YYS55GSSIVPKIBMMZGQA/ref=cm_cr_tr_tbl_196_name
# 197,Janine,amazon.de/gp/profile/amzn1.account.AE5ICO3FNWKEBEBN3ILWX6TWY7UA/ref=cm_cr_tr_tbl_197_name
# 198,SchallundRauch,amazon.de/gp/profile/amzn1.account.AG2I4FOF2TQTOYLXOOHJABPTNECQ/ref=cm_cr_tr_tbl_198_name
# 199,Lars M.,amazon.de/gp/profile/amzn1.account.AEAYKDP6L2XLT2UXCSUSTNEHCZYQ/ref=cm_cr_tr_tbl_199_name
# 200,Hessenl√∂we,amazon.de/gp/profile/amzn1.account.AF24GEZ2CTGMGBZFKGKOFBSCGLBQ/ref=cm_cr_tr_tbl_200_name
# 201,Vossi,amazon.de/gp/profile/amzn1.account.AGJIAV2VRCWHPNXLPHFHQUZ2AJIQ/ref=cm_cr_tr_tbl_201_name
# 202,Familie M√ºller üè†üë™üë´üêï,amazon.de/gp/profile/amzn1.account.AGABEKUII7XCNSND4PNKAZW234JA/ref=cm_cr_tr_tbl_202_name
# 203,Falk M√ºller,amazon.de/gp/profile/amzn1.account.AGH3FKGL754OWOSXIE6Y6DH5RHHQ/ref=cm_cr_tr_tbl_203_name
# 204,Sandra,amazon.de/gp/profile/amzn1.account.AHOP6MTBLF2LNSVEVBDQABWIQRYA/ref=cm_cr_tr_tbl_204_name
# 205,Enrico Eis,amazon.de/gp/profile/amzn1.account.AF5QB4KMVWKEJ4XZQCIVVJXEKRIA/ref=cm_cr_tr_tbl_205_name
# 206,FunThomas,amazon.de/gp/profile/amzn1.account.AE3VETRVBFEMYO3WLZNVMJHZJ4MA/ref=cm_cr_tr_tbl_206_name
# 207,Maria L-B,amazon.de/gp/profile/amzn1.account.AHY3RNUV6HCR7AQ3VRXWWFVBDWCA/ref=cm_cr_tr_tbl_207_name
# 208,Dennis H.,amazon.de/gp/profile/amzn1.account.AHKIVX5KED67HH4XFHOUBN2235UQ/ref=cm_cr_tr_tbl_208_name
# 209,Hansi M.,amazon.de/gp/profile/amzn1.account.AGM5JZF54IRLP4WKXR3AQETFKUCQ/ref=cm_cr_tr_tbl_209_name
# 210,Moumen Madhoon,amazon.de/gp/profile/amzn1.account.AHUBGV2ENUYLDBCBZZKCPUMLL5FQ/ref=cm_cr_tr_tbl_210_name
# 211,Odin,amazon.de/gp/profile/amzn1.account.AGXQKHOAMURFTUYKKMN56T24FCQQ/ref=cm_cr_tr_tbl_211_name
# 212,Heavy Online Shopper,amazon.de/gp/profile/amzn1.account.AEF45KXXUZC3TLEZ7NIB3Q6XGW6Q/ref=cm_cr_tr_tbl_212_name
# 213,Hellboy,amazon.de/gp/profile/amzn1.account.AGLTKQHWO4HEZFYIBO6AUNZNR2XQ/ref=cm_cr_tr_tbl_213_name
# 214,S.A.W.,amazon.de/gp/profile/amzn1.account.AF5F4IWETEFPNRJPHS3VEWIOG3PA/ref=cm_cr_tr_tbl_214_name
# 215,Emil Korpar,amazon.de/gp/profile/amzn1.account.AFEUAHVMG52D4CO5VG7IKHQAXWIQ/ref=cm_cr_tr_tbl_215_name
# 216,Joe Libra,amazon.de/gp/profile/amzn1.account.AGUGDEENM7IQ2Q3JSSB47RPEO5IA/ref=cm_cr_tr_tbl_216_name
# 217,Simon W.,amazon.de/gp/profile/amzn1.account.AEZLFRUYS5XXKNWZD2VQUBHVEBUQ/ref=cm_cr_tr_tbl_217_name
# 218,A. Hohnwald,amazon.de/gp/profile/amzn1.account.AEMVMJ4LEZWDKHL5IOCMHMMZM6YA/ref=cm_cr_tr_tbl_218_name
# 219,Harald Bauer,amazon.de/gp/profile/amzn1.account.AHJE4ZAPWVG4UBI2LWWK5UGKIZ6Q/ref=cm_cr_tr_tbl_219_name
# 220,Dodo,amazon.de/gp/profile/amzn1.account.AH66EXTTSOQTPHIFY6NPIG4VBERQ/ref=cm_cr_tr_tbl_220_name
# 221,Nina M.,amazon.de/gp/profile/amzn1.account.AH5KW5FSWCIK2RQCFZPKUVIYMCFQ/ref=cm_cr_tr_tbl_221_name
# 222,Rundes Karo,amazon.de/gp/profile/amzn1.account.AGKJ3WY3Q6K27EXCNFXJMSIRXCDQ/ref=cm_cr_tr_tbl_222_name
# 223,ulla,amazon.de/gp/profile/amzn1.account.AFEJTUM5PJ6EXFEY5SVYNKVVI34Q/ref=cm_cr_tr_tbl_223_name
# 224,MaMo,amazon.de/gp/profile/amzn1.account.AHQJBI26J5Q2R227ITM45UKUOEPA/ref=cm_cr_tr_tbl_224_name
# 225,TN,amazon.de/gp/profile/amzn1.account.AGV4YXTEWHC47RXOQMYHK667FMYA/ref=cm_cr_tr_tbl_225_name
# 226,euripides50,amazon.de/gp/profile/amzn1.account.AFCZOBAFAB2XJF637RDR33DJ2UHA/ref=cm_cr_tr_tbl_226_name
# 227,Chilly,amazon.de/gp/profile/amzn1.account.AG53V23QKUUPY64MBIC4ISLSULSA/ref=cm_cr_tr_tbl_227_name
# 228,Stefan,amazon.de/gp/profile/amzn1.account.AFXYOFCZ24TUMX6D76EOMZY34DPQ/ref=cm_cr_tr_tbl_228_name
# 229,Lula,amazon.de/gp/profile/amzn1.account.AGJMFL5SJ7XVLHSCTWOKWDT6LJTQ/ref=cm_cr_tr_tbl_229_name
# 230,Mystique,amazon.de/gp/profile/amzn1.account.AHZIJOCQ5PASCGJQSEO5R2FT5ZKQ/ref=cm_cr_tr_tbl_230_name
# 231,Schmid,amazon.de/gp/profile/amzn1.account.AG4C6TOY2HTTYHBV43KE4PPAZW2A/ref=cm_cr_tr_tbl_231_name
# 232,Gero Kurtz,amazon.de/gp/profile/amzn1.account.AHRYNEHWWXKYHT7QGNOOGFBWMCIQ/ref=cm_cr_tr_tbl_232_name
# 233,Pierre,amazon.de/gp/profile/amzn1.account.AGGSTOTAGFFXZAG4DKKRH574ZHLQ/ref=cm_cr_tr_tbl_233_name
# 234,bill,amazon.de/gp/profile/amzn1.account.AFY77BSWKAZDLPSWI7VD2W37ON5Q/ref=cm_cr_tr_tbl_234_name
# 235,Dennis B.,amazon.de/gp/profile/amzn1.account.AHE56R3HWB4VOKRIBSDZBV753VRQ/ref=cm_cr_tr_tbl_235_name
# 236,the_rab,amazon.de/gp/profile/amzn1.account.AHIDD5FIH3XA4IFFISOLHQ64Q2XA/ref=cm_cr_tr_tbl_236_name
# 237,Fotos-Unterwegs,amazon.de/gp/profile/amzn1.account.AGNRLXNAQZ36S2POVPEF5PGPYUWA/ref=cm_cr_tr_tbl_237_name
# 238,Sekundenshaf,amazon.de/gp/profile/amzn1.account.AFETKZZAOYZLN23EZPOMRAHR7QKQ/ref=cm_cr_tr_tbl_238_name
# 239,Herr Kaiser,amazon.de/gp/profile/amzn1.account.AF27O37M3TBFDJXXLV3QVISMNNSA/ref=cm_cr_tr_tbl_239_name
# 240,Television Iron Face,amazon.de/gp/profile/amzn1.account.AH6PPSLBJ6FX2TMJ3XPQ5PSPH5KQ/ref=cm_cr_tr_tbl_240_name
# 241,MK,amazon.de/gp/profile/amzn1.account.AFJKGHA27RMNEQTD3L4HBEL7FNRA/ref=cm_cr_tr_tbl_241_name
# 242,Dr. Marcus B.,amazon.de/gp/profile/amzn1.account.AEUKL4QTDYDKWC4KSG33XHWUOA4A/ref=cm_cr_tr_tbl_242_name
# 243,Axel Meyer,amazon.de/gp/profile/amzn1.account.AF3B7QU5BA7YBCQP7IKFEVE4FX7A/ref=cm_cr_tr_tbl_243_name
# 244,tobias,amazon.de/gp/profile/amzn1.account.AF5RZJNBZFYS72MBE4KJBA2DP42A/ref=cm_cr_tr_tbl_244_name
# 245,Flaviosoo,amazon.de/gp/profile/amzn1.account.AG5D76FAEOZQGKF27KYTGIIV3QIQ/ref=cm_cr_tr_tbl_245_name
# 246,Test Tinchen,amazon.de/gp/profile/amzn1.account.AGVEZYUHLED6P5IMJ5JMG7RXOX2Q/ref=cm_cr_tr_tbl_246_name
# 247,Marko B.,amazon.de/gp/profile/amzn1.account.AE3COYRMGSCJPB6BNPBGSCLFBLSQ/ref=cm_cr_tr_tbl_247_name
# 248,B√ºcherbienchen,amazon.de/gp/profile/amzn1.account.AHARRTM7ZUYCCFO7YXNJ2B5I6F5Q/ref=cm_cr_tr_tbl_248_name
# 249,A. Zanker,amazon.de/gp/profile/amzn1.account.AETCGVT5OH477645AZPM5UFM4BOA/ref=cm_cr_tr_tbl_249_name
# 250,pharasea,amazon.de/gp/profile/amzn1.account.AEK6VVQX5WXEQLNLBVZPOPRYHZJA/ref=cm_cr_tr_tbl_250_name
# 251,Thogru,amazon.de/gp/profile/amzn1.account.AGNLEBJMYIAYL624NL4WY54BXYPQ/ref=cm_cr_tr_tbl_251_name
# 252,Beck Ernst,amazon.de/gp/profile/amzn1.account.AHIV6IISB4QRQVJH6IC22V5QWQIQ/ref=cm_cr_tr_tbl_252_name
# 253,gwg - gewusst wie¬¥s geht,amazon.de/gp/profile/amzn1.account.AFL5J67H3V5OLDXHNMHSRCJ5S6UA/ref=cm_cr_tr_tbl_253_name
# 254,Stefan K.,amazon.de/gp/profile/amzn1.account.AE4JX6FGXDJEJ3X3MAJ6X55A7VSA/ref=cm_cr_tr_tbl_254_name
# 255,Rick,amazon.de/gp/profile/amzn1.account.AE6Z5YAD5LZ66ENRPCOFMW2YSQZQ/ref=cm_cr_tr_tbl_255_name
# 256,MLSensai,amazon.de/gp/profile/amzn1.account.AG6MQUYI7BL7FDXDMQGVTZRY67IA/ref=cm_cr_tr_tbl_256_name
# 257,Seppel,amazon.de/gp/profile/amzn1.account.AGXJ6YMOAOQ4CMMP5SXFNUHFFK4Q/ref=cm_cr_tr_tbl_257_name
# 258,Do Schaugsd,amazon.de/gp/profile/amzn1.account.AEKIRUSN723NRC6AQPPNEFTXTKDA/ref=cm_cr_tr_tbl_258_name
# 259,Helga K√∂nig,amazon.de/gp/profile/amzn1.account.AGQ2KRWBXIUVX3HOLOPE3RWZ6QWQ/ref=cm_cr_tr_tbl_259_name
# 260,Andy Arbeit,amazon.de/gp/profile/amzn1.account.AEECN6VHUPU3FIDCP2I7XUFYTHBA/ref=cm_cr_tr_tbl_260_name
# 261,DSCHUBBI,amazon.de/gp/profile/amzn1.account.AHD5NA24NQ3UKNB6UAAJ3QFDVECA/ref=cm_cr_tr_tbl_261_name
# 262,Sven,amazon.de/gp/profile/amzn1.account.AEHNNG2JQ3LXCBTN2MKLQ5NERU2Q/ref=cm_cr_tr_tbl_262_name
# 263,happior,amazon.de/gp/profile/amzn1.account.AFU4J4M3GXOEWMBAECEEL7A4OZSA/ref=cm_cr_tr_tbl_263_name
# 264,Lioness,amazon.de/gp/profile/amzn1.account.AEGYKKXXXDTEKW3SI5VRRTHRQKLA/ref=cm_cr_tr_tbl_264_name
# 265,Amazone,amazon.de/gp/profile/amzn1.account.AGPTQI27HEBRSXIKB5XB42BKW4GA/ref=cm_cr_tr_tbl_265_name
# 266,Ramones 16,amazon.de/gp/profile/amzn1.account.AGBPA2SZ33D5OWTVUNI6EEE7AXRA/ref=cm_cr_tr_tbl_266_name
# 267,Fischer-Clan,amazon.de/gp/profile/amzn1.account.AGQWYTQJMIPG7KXW6XSOAIPNEZIA/ref=cm_cr_tr_tbl_267_name
# 268,Kerstin & Frank,amazon.de/gp/profile/amzn1.account.AGKRDT7Y4WKQXQE34ETE2BJ3GXMQ/ref=cm_cr_tr_tbl_268_name
# 269,≈ì,amazon.de/gp/profile/amzn1.account.AFB376R6CDCHCAUPHAEO6LGYWHJQ/ref=cm_cr_tr_tbl_269_name
# 270,Kinderbuchkiste,amazon.de/gp/profile/amzn1.account.AG2QHST7E5MFUBPG3EHXHDTXM4PA/ref=cm_cr_tr_tbl_270_name
# 271,Zocker782,amazon.de/gp/profile/amzn1.account.AGCNCTECNNXR5FNP7JXUFB5BGLUQ/ref=cm_cr_tr_tbl_271_name
# 272,J√ºrgen Schr√∂ter,amazon.de/gp/profile/amzn1.account.AFI674B4A4HVKKR2ODT5VUSSG7CA/ref=cm_cr_tr_tbl_272_name
# 273,CHECK‚úî,amazon.de/gp/profile/amzn1.account.AGHVWMW2HOHL7WLWE3E457VYIGOA/ref=cm_cr_tr_tbl_273_name
# 274,Happy End B√ºcher - Nicole,amazon.de/gp/profile/amzn1.account.AEGSPUMTEMMZKHU2ECFEUJ76TEPA/ref=cm_cr_tr_tbl_274_name
# 275,Felix Richter,amazon.de/gp/profile/amzn1.account.AEQUHQEDQ4LISHNNDDBE6J45QVPA/ref=cm_cr_tr_tbl_275_name
# 276,Stephan,amazon.de/gp/profile/amzn1.account.AGBTOU6ZCD5JZ2AUPW6TNN3EJ4TA/ref=cm_cr_tr_tbl_276_name
# 277,Fam.Kraus,amazon.de/gp/profile/amzn1.account.AEZU44KAEGECDNANAMQMEMPLW5KQ/ref=cm_cr_tr_tbl_277_name
# 278,Denise HC,amazon.de/gp/profile/amzn1.account.AFEXDTOVUD2TC2F2WJQSPTQJZA4Q/ref=cm_cr_tr_tbl_278_name
# 279,Fam. HappyDay,amazon.de/gp/profile/amzn1.account.AE3OBPOHMFWKIFZ3CNY5NEN5OO6A/ref=cm_cr_tr_tbl_279_name
# 280,Vischl,amazon.de/gp/profile/amzn1.account.AF5C4IGZDWHRV47B5TH57I52IROQ/ref=cm_cr_tr_tbl_280_name
# 281,Ditschi von Fellkn√§uel,amazon.de/gp/profile/amzn1.account.AGQTRFPMVKWQEKNQHL54F4PPT7JA/ref=cm_cr_tr_tbl_281_name
# 282,Chris,amazon.de/gp/profile/amzn1.account.AHCG7XT5PHP2MVXNG3DN2W4P53AA/ref=cm_cr_tr_tbl_282_name
# 283,Mathias,amazon.de/gp/profile/amzn1.account.AEFAOYFXUZVVNRWSS6FMUPA2SD4A/ref=cm_cr_tr_tbl_283_name
# 284,mdt1900,amazon.de/gp/profile/amzn1.account.AFYQXD2MQBOLWRHV7T4UQSGVJ5YA/ref=cm_cr_tr_tbl_284_name
# 285,M√ºsli Riegel,amazon.de/gp/profile/amzn1.account.AE2VUH4LYHVPF6WJ2I2HMAWEKE3Q/ref=cm_cr_tr_tbl_285_name
# 286,Shopping Cats,amazon.de/gp/profile/amzn1.account.AGUBA46HWB7STRQWHKKGHUUWKT7A/ref=cm_cr_tr_tbl_286_name
# 287,Marc,amazon.de/gp/profile/amzn1.account.AHWH2XMUQCH4UPQ33OWZ6OIK5DAQ/ref=cm_cr_tr_tbl_287_name
# 288,Michael,amazon.de/gp/profile/amzn1.account.AH5JXIUWE4OFO6LWO76KVZ6NWTHA/ref=cm_cr_tr_tbl_288_name
# 289,Jens J.,amazon.de/gp/profile/amzn1.account.AGMJ3F2RUFOFMHUYYCJJE56HDCIQ/ref=cm_cr_tr_tbl_289_name
# 290,DefaultUser,amazon.de/gp/profile/amzn1.account.AH7DDRFETSBAJ7WGCNP56RV5LSAQ/ref=cm_cr_tr_tbl_290_name
# 291,Betty  und Ingo,amazon.de/gp/profile/amzn1.account.AEYQGW5VJA5QD6XCNBKPEXOKN5AQ/ref=cm_cr_tr_tbl_291_name
# 292,AmazingPete,amazon.de/gp/profile/amzn1.account.AGCH2WOZYLYW6OYKACKRWT6XT7LA/ref=cm_cr_tr_tbl_292_name
# 293,Amazonfan,amazon.de/gp/profile/amzn1.account.AGWZQBFPWM3LAUBXH3PKCBS5EDXA/ref=cm_cr_tr_tbl_293_name
# 294,Bj√∂rn,amazon.de/gp/profile/amzn1.account.AFOHT5E4W4F6NKSB7UEB5ZQGDKLA/ref=cm_cr_tr_tbl_294_name
# 295,Lupo,amazon.de/gp/profile/amzn1.account.AEDASXCDUROQW4K6CCXQ67T7QVWQ/ref=cm_cr_tr_tbl_295_name
# 296,Ein Kunde,amazon.de/gp/profile/amzn1.account.AEOAOQVIMNU6TVR4ORCEQQQ4AF2A/ref=cm_cr_tr_tbl_296_name
# 297,Anke,amazon.de/gp/profile/amzn1.account.AE3NGDQ43BDHIQXQZA44AP6RUTSA/ref=cm_cr_tr_tbl_297_name
# 298,Happylife,amazon.de/gp/profile/amzn1.account.AG3FHC5GSS6LL6OCBKB4MDZOBR7A/ref=cm_cr_tr_tbl_298_name
# 299,Hollenfeld,amazon.de/gp/profile/amzn1.account.AHGH5LSMHQGTXAO6H4RA47ABNNKA/ref=cm_cr_tr_tbl_299_name
# 300,McLovin,amazon.de/gp/profile/amzn1.account.AHHPP2RC42BWISLNHMITA2LIJOMA/ref=cm_cr_tr_tbl_300_name
# 301,‚ú®~~Patrick H.~~‚ú®,amazon.de/gp/profile/amzn1.account.AFO3FIWQWUKYBMO4SI6KEQUIAJLQ/ref=cm_cr_tr_tbl_301_name
# 302,Petra N.,amazon.de/gp/profile/amzn1.account.AGXBSKE4YPC5L36X6VI6F3UTINCA/ref=cm_cr_tr_tbl_302_name
# 303,Mr. Quality,amazon.de/gp/profile/amzn1.account.AFAXQLOYNN7WXGOPMTJUKSIBD5HQ/ref=cm_cr_tr_tbl_303_name
# 304,mos,amazon.de/gp/profile/amzn1.account.AE3QSMKOUNTDQBDFBTLEZWYEDRDA/ref=cm_cr_tr_tbl_304_name
# 305,Faktensucher,amazon.de/gp/profile/amzn1.account.AEFLWCPVV6JCI3SSLPID4YWOWBDA/ref=cm_cr_tr_tbl_305_name
# 306,Tanja,amazon.de/gp/profile/amzn1.account.AEFMJG2O57GP55DEZSYUSJVCFDTA/ref=cm_cr_tr_tbl_306_name
# 307,Matthias Z.,amazon.de/gp/profile/amzn1.account.AFMWHA44YBUBDKLN7UQKH5Z3TRSQ/ref=cm_cr_tr_tbl_307_name
# 308,MarcO,amazon.de/gp/profile/amzn1.account.AGNDFCPDIHV4U2CM7P3NGUDO52BQ/ref=cm_cr_tr_tbl_308_name
# 309,Lightbox,amazon.de/gp/profile/amzn1.account.AF4ANALK7KEXN3CXEALYDUZSOJ2Q/ref=cm_cr_tr_tbl_309_name
# 310,Jo84,amazon.de/gp/profile/amzn1.account.AH6EVCLLDMSPG2GJ2H36EQ3FIZFA/ref=cm_cr_tr_tbl_310_name
# 311,cbm,amazon.de/gp/profile/amzn1.account.AGA4M2GT5ICR2TGOK5F4VPZ4ZGFA/ref=cm_cr_tr_tbl_311_name
# 312,Roofer,amazon.de/gp/profile/amzn1.account.AHMWA7FIG3K2Z3F7LB7G52WKAQPQ/ref=cm_cr_tr_tbl_312_name
# 313,Manfred Sandau,amazon.de/gp/profile/amzn1.account.AHM3BTBPD3JLX22STSEH4FIFZHSA/ref=cm_cr_tr_tbl_313_name
# 314,Peter Berlin,amazon.de/gp/profile/amzn1.account.AH75QNJVJ27BUSN7ZEYMLY4QREQQ/ref=cm_cr_tr_tbl_314_name
# 315,Stephan Klimmeck,amazon.de/gp/profile/amzn1.account.AE4B52MRBX62ZO4GT4XTFIDH2EZQ/ref=cm_cr_tr_tbl_315_name
# 316,Ronny Casablanca,amazon.de/gp/profile/amzn1.account.AG3EUWPEKTTWNCZ4IZ4MINJA55AA/ref=cm_cr_tr_tbl_316_name
# 317,Pierre-Louis,amazon.de/gp/profile/amzn1.account.AE6HINBJFMTKY5S5GBEVE3HE3GVQ/ref=cm_cr_tr_tbl_317_name
# 318,Marco G.,amazon.de/gp/profile/amzn1.account.AECA7H2IET66OM7DCNSCSONXGSBA/ref=cm_cr_tr_tbl_318_name
# 319,Hanniel,amazon.de/gp/profile/amzn1.account.AFGKHPY4QIB52TFBIAWWGSY2DM5Q/ref=cm_cr_tr_tbl_319_name
# 320,Luca K√∂ppe,amazon.de/gp/profile/amzn1.account.AFR7V266I6X2LECIQ3S5ANYVACDA/ref=cm_cr_tr_tbl_320_name
# 321,Jennifer,amazon.de/gp/profile/amzn1.account.AGSSSPMCJ2BBG2KQAGAISZVONC3Q/ref=cm_cr_tr_tbl_321_name
# 322,I. Nagel,amazon.de/gp/profile/amzn1.account.AEYGJCF5B3S7LMBXASDBEDZAZGMQ/ref=cm_cr_tr_tbl_322_name
# 323,Ronald,amazon.de/gp/profile/amzn1.account.AF76IG6GXGDKJGB7DZJ2EBK6CRQQ/ref=cm_cr_tr_tbl_323_name
# 324,Lupo69,amazon.de/gp/profile/amzn1.account.AGSWPVR5JAGOFIFEP5QIB5X3MNRQ/ref=cm_cr_tr_tbl_324_name
# 325,Buchrezensent aus-erlesen,amazon.de/gp/profile/amzn1.account.AG6YDTJQFOZBGM4ZANSJYF3RYNJQ/ref=cm_cr_tr_tbl_325_name
# 326,Century,amazon.de/gp/profile/amzn1.account.AGFMT5JNWL7FYOZINS7WCYGFAW4A/ref=cm_cr_tr_tbl_326_name
# 327,Mediatrice,amazon.de/gp/profile/amzn1.account.AGOSZZDZ6HPLBORCGWDF4D2XRLZQ/ref=cm_cr_tr_tbl_327_name
# 328,Hundefreak,amazon.de/gp/profile/amzn1.account.AHUFXNHSKFPR6ECZGPYURCCRNUFA/ref=cm_cr_tr_tbl_328_name
# 329,Highlightzone,amazon.de/gp/profile/amzn1.account.AFOH5RU5EIT5G2KE2MU5BJSZJUYA/ref=cm_cr_tr_tbl_329_name
# 330,GittiB,amazon.de/gp/profile/amzn1.account.AEDTRARISTECJ77X3TH52R5YBM4Q/ref=cm_cr_tr_tbl_330_name
# 331,Everfades,amazon.de/gp/profile/amzn1.account.AFNMTZEE4TQHV4H7CTPTLLUVZYEA/ref=cm_cr_tr_tbl_331_name
# 332,KindOfBlue,amazon.de/gp/profile/amzn1.account.AH55TQH46TR2D74KNCRHZ2QXTHYQ/ref=cm_cr_tr_tbl_332_name
# 333,Catmaniac,amazon.de/gp/profile/amzn1.account.AGMWGVKTTXUWBF4SYAKKX55ECWTA/ref=cm_cr_tr_tbl_333_name
# 334,Matthias H.,amazon.de/gp/profile/amzn1.account.AEARRVSRS3ECJZMOXS3QC46IV67Q/ref=cm_cr_tr_tbl_334_name
# 335,Herr+Frau E.,amazon.de/gp/profile/amzn1.account.AEJT6KDO5CMDCKNOVA7VMQ73MOZA/ref=cm_cr_tr_tbl_335_name
# 336,Berliner,amazon.de/gp/profile/amzn1.account.AE6GPDGOUIZQTTDJBOBOUBBOSD7A/ref=cm_cr_tr_tbl_336_name
# 337,Bweezy,amazon.de/gp/profile/amzn1.account.AELP4DAC4VQ2BUK6MKNKSRSE562Q/ref=cm_cr_tr_tbl_337_name
# 338,- Joachim Wagner -,amazon.de/gp/profile/amzn1.account.AEMLUARIZTFMRJMX3YJNPQ2YE4FQ/ref=cm_cr_tr_tbl_338_name
# 339,Produkttest-Suite,amazon.de/gp/profile/amzn1.account.AF7VRDOH2JMYRQNQF4BL7ID4ZZKA/ref=cm_cr_tr_tbl_339_name
# 340,Marie C.,amazon.de/gp/profile/amzn1.account.AHDBFN75PRBYC3EN3D4CWIKQQCSQ/ref=cm_cr_tr_tbl_340_name
# 341,Covos,amazon.de/gp/profile/amzn1.account.AEXDYPLHTD6PP2FQCOTOOMUDEMEA/ref=cm_cr_tr_tbl_341_name
# 342,sabatayn76,amazon.de/gp/profile/amzn1.account.AGTPDY3SDU7AS74VNS2OUH4U36MA/ref=cm_cr_tr_tbl_342_name
# 343,Jules Barrois,amazon.de/gp/profile/amzn1.account.AFELPMBBWSAR57M354CNBI6IIX6Q/ref=cm_cr_tr_tbl_343_name
# 344,linus63,amazon.de/gp/profile/amzn1.account.AE3VPCFQDG4SOZYQII3QPIODNO5A/ref=cm_cr_tr_tbl_344_name
# 345,Alexander,amazon.de/gp/profile/amzn1.account.AES2TJF765PNHXGCNA37SSCZGNOA/ref=cm_cr_tr_tbl_345_name
# 346,Michael_St.,amazon.de/gp/profile/amzn1.account.AGT5KBCLHEPI7RO3QJFYI5223HBA/ref=cm_cr_tr_tbl_346_name
# 347,DAVI83,amazon.de/gp/profile/amzn1.account.AGT6NNXRYL3GXCLSNFPIQLGNCTRA/ref=cm_cr_tr_tbl_347_name
# 348,Edelmann,amazon.de/gp/profile/amzn1.account.AEVDOISFH4UOD6BAV7MUIX3QXLGQ/ref=cm_cr_tr_tbl_348_name
# 349,Susanne L.,amazon.de/gp/profile/amzn1.account.AFWRPLWJODZSX36OH3PGE2HVZZEQ/ref=cm_cr_tr_tbl_349_name
# 350,Murloc,amazon.de/gp/profile/amzn1.account.AFSZHHM7BDERTYYQI7VT5TXCGO5A/ref=cm_cr_tr_tbl_350_name
# 351,chriss,amazon.de/gp/profile/amzn1.account.AGIWSERULN5XGYPO47TLWGF3BRQA/ref=cm_cr_tr_tbl_351_name
# 352,Martin Kasperzyk,amazon.de/gp/profile/amzn1.account.AF6HKL2VMI4MFYUY3QU7IA7U6AQA/ref=cm_cr_tr_tbl_352_name
# 353,Katrin Herz,amazon.de/gp/profile/amzn1.account.AF7ZRBNYAC246M2TNIJSLSZVWOYA/ref=cm_cr_tr_tbl_353_name
# 354,Raumzeitreisender,amazon.de/gp/profile/amzn1.account.AG3ONNNJDTFHMLUISCYGBHGLIK7A/ref=cm_cr_tr_tbl_354_name
# 355,Christian,amazon.de/gp/profile/amzn1.account.AEIKJHF2U4HOLLXERBA4KCSBI2DA/ref=cm_cr_tr_tbl_355_name
# 356,Mapambulo,amazon.de/gp/profile/amzn1.account.AFJTZTAFX3GRODHCAQVFDSGIC74Q/ref=cm_cr_tr_tbl_356_name
# 357,Spielstil-Net,amazon.de/gp/profile/amzn1.account.AFDZZLC4LFIS2AS346H2PXXJOUHA/ref=cm_cr_tr_tbl_357_name
# 358,Wedma,amazon.de/gp/profile/amzn1.account.AEAKHLXSC3EN24H5CZCRPS6XOQGQ/ref=cm_cr_tr_tbl_358_name
# 359,Krenberger,amazon.de/gp/profile/amzn1.account.AGMDWZBKWEDNK62OCZS6XDZ3BKVQ/ref=cm_cr_tr_tbl_359_name
# 360,Timo Brandt,amazon.de/gp/profile/amzn1.account.AFKRCE7QWLGXVZFHQB2RPPICGLMQ/ref=cm_cr_tr_tbl_360_name
# 361,Jglaev,amazon.de/gp/profile/amzn1.account.AH6XNA7I32EHSCFH7MM6GEPQKHYQ/ref=cm_cr_tr_tbl_361_name
# 362,Zino,amazon.de/gp/profile/amzn1.account.AHPQYLPVTY4ENSX6MQQ7WPCUBWVA/ref=cm_cr_tr_tbl_362_name
# 363,criticoptic,amazon.de/gp/profile/amzn1.account.AFLDKW2G4PVVZ5RGOKAWOEADHKIA/ref=cm_cr_tr_tbl_363_name
# 364,der Ernsthafte,amazon.de/gp/profile/amzn1.account.AH7J2MDENJNVETOVOTKUBRHAGETA/ref=cm_cr_tr_tbl_364_name
# 365,Helmut P.,amazon.de/gp/profile/amzn1.account.AHJBIZHARJPMMIJHEPIN3LCSXVQQ/ref=cm_cr_tr_tbl_365_name
# 366,Erklitt,amazon.de/gp/profile/amzn1.account.AED2BC5QJQQD454GBDCEGQXNF5NA/ref=cm_cr_tr_tbl_366_name
# 367,Prolet,amazon.de/gp/profile/amzn1.account.AFMMZELJZDWVIC4CKHRSVGLOUQGA/ref=cm_cr_tr_tbl_367_name
# 368,Mimila,amazon.de/gp/profile/amzn1.account.AF2ETUCPPGIRTRJ3DWJLTALZPTBQ/ref=cm_cr_tr_tbl_368_name
# 369,Andiman,amazon.de/gp/profile/amzn1.account.AGIJ3DPLI2G5AB7KA7S6H3RZLHZQ/ref=cm_cr_tr_tbl_369_name
# 370,Saschimi,amazon.de/gp/profile/amzn1.account.AGCIVXJ5OJ2ULDY6Y2MVTSGUUHFA/ref=cm_cr_tr_tbl_370_name
# 371,Annette Lunau-- Die-Rezensentin.de-- Frechen,amazon.de/gp/profile/amzn1.account.AFEHYDCORB6OQIVPHYKAPDHRZMWQ/ref=cm_cr_tr_tbl_371_name
# 372,Tandoor,amazon.de/gp/profile/amzn1.account.AG3Q3RUVJ3VKCRZRYL3F6CCXYZXQ/ref=cm_cr_tr_tbl_372_name
# 373,Wir packen aus,amazon.de/gp/profile/amzn1.account.AEQ2LFPDTAKEKMVKUKVVEJBMVLGQ/ref=cm_cr_tr_tbl_373_name
# 374,Sursulapitschi,amazon.de/gp/profile/amzn1.account.AGX4IZQPRCHNJ7IAMJTIH5ZAYJ4A/ref=cm_cr_tr_tbl_374_name
# 375,Sonnenblume,amazon.de/gp/profile/amzn1.account.AFUUCYBDZU3HOMUJE5GHXEVSD2CA/ref=cm_cr_tr_tbl_375_name
# 376,Amazon Kundenrezensionen,amazon.de/gp/profile/amzn1.account.AECYEJRWA2INREYBB4NPNERBNHZQ/ref=cm_cr_tr_tbl_376_name
# 377,J. Fromholzer,amazon.de/gp/profile/amzn1.account.AGUDWZVT457CR5UAFNPTDVS73CLQ/ref=cm_cr_tr_tbl_377_name
# 378,DerHolderberger,amazon.de/gp/profile/amzn1.account.AEOCNKNDDU5F7ZOJACMVR2F6RFVA/ref=cm_cr_tr_tbl_378_name
# 379,m&m¬¥s,amazon.de/gp/profile/amzn1.account.AHCMR7OMCQVFUVIYZBOYALMIVO4Q/ref=cm_cr_tr_tbl_379_name
# 380,Hans Blond,amazon.de/gp/profile/amzn1.account.AHYCJUWCOMM25Y5CUEGNVKGDER6A/ref=cm_cr_tr_tbl_380_name
# 381,TechReviews,amazon.de/gp/profile/amzn1.account.AFNRA56A73OEQTI3YMCT4YWJIZDA/ref=cm_cr_tr_tbl_381_name
# 382,Yogi,amazon.de/gp/profile/amzn1.account.AGTEY77CDAJV4MWFOE2NUV252RMA/ref=cm_cr_tr_tbl_382_name
# 383,Eskalina,amazon.de/gp/profile/amzn1.account.AG6YMGHOESWQGHYLTSZX55KBLUUA/ref=cm_cr_tr_tbl_383_name
# 384,B. R√∂pke,amazon.de/gp/profile/amzn1.account.AFSAG6OT65SN7KYNZTQHCYL5CHNA/ref=cm_cr_tr_tbl_384_name
# 385,Mokka-Liebling,amazon.de/gp/profile/amzn1.account.AFMGVZEJ3FFWPRLLG73D75LQMTWA/ref=cm_cr_tr_tbl_385_name
# 386,Martin,amazon.de/gp/profile/amzn1.account.AGQCLYNWNMKUA7E77OLIFNHHEG5A/ref=cm_cr_tr_tbl_386_name
# 387,ServingTech,amazon.de/gp/profile/amzn1.account.AEBTWOGVW3UIRNZE2LJIMKE3BDZQ/ref=cm_cr_tr_tbl_387_name
# 388,Britta Bollenhagen,amazon.de/gp/profile/amzn1.account.AESXSJLMK4SFOJ23DNVGFVDFF7UQ/ref=cm_cr_tr_tbl_388_name
# 389,Hausmeister f√ºr Fortgeschrittene,amazon.de/gp/profile/amzn1.account.AGGIHIRVN5NL3CNLLGI5SG3AMT7A/ref=cm_cr_tr_tbl_389_name
# 390,Engelchen,amazon.de/gp/profile/amzn1.account.AEWHYBJ56YTHWRSRBRLC5RQIPLJQ/ref=cm_cr_tr_tbl_390_name
# 391,Mikka Liest,amazon.de/gp/profile/amzn1.account.AGNNC6TJOBEI2A5G7ITASPI7HXDQ/ref=cm_cr_tr_tbl_391_name
# 392,Ruhr-Piper,amazon.de/gp/profile/amzn1.account.AFBFKEOYD3GJNXK5UEVETWDNKLAQ/ref=cm_cr_tr_tbl_392_name
# 393,Joseph Nelson,amazon.de/gp/profile/amzn1.account.AGLVLWZJUPLU67IBQSS2VKA34K4Q/ref=cm_cr_tr_tbl_393_name
# 394,Ronald Wirth & Zwillingsschwester,amazon.de/gp/profile/amzn1.account.AFI5XYUH2ZQFMYIGQ5YPGV2OD6WA/ref=cm_cr_tr_tbl_394_name
# 395,Andre,amazon.de/gp/profile/amzn1.account.AFPMUV2PTNBSP3PKFT5DH6P4XNZQ/ref=cm_cr_tr_tbl_395_name
# 396,Romer R.,amazon.de/gp/profile/amzn1.account.AHMNTFFW4SCLQAXYAG7EPZH2442A/ref=cm_cr_tr_tbl_396_name
# 397,Chris,amazon.de/gp/profile/amzn1.account.AGH5EB2F2HOSORTJ7ZUWWQAYRL5Q/ref=cm_cr_tr_tbl_397_name
# 398,Mimimi,amazon.de/gp/profile/amzn1.account.AEEZP2DLEZQCYNKUWOSZYV44AQ6A/ref=cm_cr_tr_tbl_398_name
# 399,Buchdoktor and Family,amazon.de/gp/profile/amzn1.account.AHVXN5NYNEQQIAOYPEDPLV7FZ3BA/ref=cm_cr_tr_tbl_399_name
# 400,üêçRed Snakeüêç,amazon.de/gp/profile/amzn1.account.AHK3URIL4MLW4C2OVDK3YEAMDOWA/ref=cm_cr_tr_tbl_400_name
# 401,Carmen C.,amazon.de/gp/profile/amzn1.account.AGX4M2UXJLJM7Y3X6W4PUZHGALZQ/ref=cm_cr_tr_tbl_401_name
# 402,Breumel,amazon.de/gp/profile/amzn1.account.AFVOXHKEWPXMNEJM6LFPHICBAXKQ/ref=cm_cr_tr_tbl_402_name
# 403,Mandy Reppner,amazon.de/gp/profile/amzn1.account.AGCYZ2JUBAMWG2Y6CTIZDG4EFTOA/ref=cm_cr_tr_tbl_403_name
# 404,TeyPay,amazon.de/gp/profile/amzn1.account.AGF5XFBFMLH2HBJINRVWKBJCLXKA/ref=cm_cr_tr_tbl_404_name
# 405,cube,amazon.de/gp/profile/amzn1.account.AGP3TZJ5U5LIGH4YTRL6I2RBQFQA/ref=cm_cr_tr_tbl_405_name
# 406,Apa,amazon.de/gp/profile/amzn1.account.AE25JEM3XIFPQRD2DKWJZD3I6UVQ/ref=cm_cr_tr_tbl_406_name
# 407,Simbic,amazon.de/gp/profile/amzn1.account.AHJERLAECXI7BEDCJROH35EWHRZQ/ref=cm_cr_tr_tbl_407_name
# 408,Ron B.,amazon.de/gp/profile/amzn1.account.AGQMEDXECWAQD7JGODPEXXQDR6CA/ref=cm_cr_tr_tbl_408_name
# 409,Christian G√ºnther,amazon.de/gp/profile/amzn1.account.AETDAPHXOUZ2BN5DXBI7S24L6GGA/ref=cm_cr_tr_tbl_409_name
# 410,BatCat,amazon.de/gp/profile/amzn1.account.AF6T4PYTGHLE3BFZ3IMU2VBKTXWQ/ref=cm_cr_tr_tbl_410_name
# 411,micra-cat,amazon.de/gp/profile/amzn1.account.AFQPCWSH7A6EPDDYVTUMMDF2IQ5A/ref=cm_cr_tr_tbl_411_name
# 412,Washington,amazon.de/gp/profile/amzn1.account.AEBKBCPC7WD36XNSXKPYCGU3S5PA/ref=cm_cr_tr_tbl_412_name
# 413,JD,amazon.de/gp/profile/amzn1.account.AGH6BJ3U2KPHB35QZTDSNN2WIYPA/ref=cm_cr_tr_tbl_413_name
# 414,olli2308,amazon.de/gp/profile/amzn1.account.AERQ27QV2DHRJ2XHEPZGP4VOMZLA/ref=cm_cr_tr_tbl_414_name
# 415,testerbar.net,amazon.de/gp/profile/amzn1.account.AFOQEDFNGZHANDMILKKS4FKMFQ2A/ref=cm_cr_tr_tbl_415_name
# 416,Benjamin Sch√∂n,amazon.de/gp/profile/amzn1.account.AEYGU3KSAO76UKGF3IDZ35OAVHQA/ref=cm_cr_tr_tbl_416_name
# 417,SaSy,amazon.de/gp/profile/amzn1.account.AGZ4ESESZ6YAV4GO7THC5JVWNJSQ/ref=cm_cr_tr_tbl_417_name
# 418,Happy,amazon.de/gp/profile/amzn1.account.AH6RVOHQ5EZAHQT6V6H46IW3RRXA/ref=cm_cr_tr_tbl_418_name
# 419,CrazyCatLady94,amazon.de/gp/profile/amzn1.account.AGXBBSYIIT5QQKRRSULLXG5BHGGQ/ref=cm_cr_tr_tbl_419_name
# 420,Mikes Gaming Net,amazon.de/gp/profile/amzn1.account.AEZFLZMKFHYJA4CDXK3DPF4OZSSA/ref=cm_cr_tr_tbl_420_name
# 421,Reene,amazon.de/gp/profile/amzn1.account.AEGGS2MJBFGRKQP36OOJ54A77KVA/ref=cm_cr_tr_tbl_421_name
# 422,RJ + YDJ,amazon.de/gp/profile/amzn1.account.AGMTTGCIUH5H5EMVZS7EVZ3532XA/ref=cm_cr_tr_tbl_422_name
# 423,Marcel P.,amazon.de/gp/profile/amzn1.account.AGU64MUR6BHLNLHHQCABACSDAACA/ref=cm_cr_tr_tbl_423_name
# 424,Sally P.,amazon.de/gp/profile/amzn1.account.AGVNQSKEFXD6UFHSL6QQE467F5YA/ref=cm_cr_tr_tbl_424_name
# 425,Sanne B.,amazon.de/gp/profile/amzn1.account.AHUPO3OSPL2REHNXKLWWHRFUI2UA/ref=cm_cr_tr_tbl_425_name
# 426,Sakamae,amazon.de/gp/profile/amzn1.account.AF2JOL5CGSCCN5SAJZVJ7R5ZLA5A/ref=cm_cr_tr_tbl_426_name
# 427,Rounder6,amazon.de/gp/profile/amzn1.account.AGSTUBAE5QFNEI3DBKSUQEJ2MGOA/ref=cm_cr_tr_tbl_427_name
# 428,Waldfisch,amazon.de/gp/profile/amzn1.account.AGKDX56K664545LULDAF4OYAUV5A/ref=cm_cr_tr_tbl_428_name
# 429,Celina,amazon.de/gp/profile/amzn1.account.AFW5JQ3342QLSF3RK2EIR6LIG4ZQ/ref=cm_cr_tr_tbl_429_name
# 430,Amazon_Kunde,amazon.de/gp/profile/amzn1.account.AFKAZP3PU2XNHKZ5L4GWXDMAYLWA/ref=cm_cr_tr_tbl_430_name
# 431,S. C.,amazon.de/gp/profile/amzn1.account.AFSVHWGMSMDNRGX2SGCVH6FPSFIA/ref=cm_cr_tr_tbl_431_name
# 432,Compules,amazon.de/gp/profile/amzn1.account.AGOSE6FO7C4BG6ROFRLNQO5PBQMA/ref=cm_cr_tr_tbl_432_name
# 433,witeu,amazon.de/gp/profile/amzn1.account.AFBDVZLFVJLIGJCWK65D6NQH7HPQ/ref=cm_cr_tr_tbl_433_name
# 434,Halsband,amazon.de/gp/profile/amzn1.account.AGDAZJJTXONAFVIY6JOXYOYCHK6A/ref=cm_cr_tr_tbl_434_name
# 435,EinStern,amazon.de/gp/profile/amzn1.account.AFZBZV3PLUIMSJGHLNSM7APQILNQ/ref=cm_cr_tr_tbl_435_name
# 436,T. E.,amazon.de/gp/profile/amzn1.account.AF6LZJOJNO5SQUFDB44MH6DJFGZQ/ref=cm_cr_tr_tbl_436_name
# 437,Rudolf Friedrich,amazon.de/gp/profile/amzn1.account.AHMG7AF6XOZZWJQVAFQVYA3TRQZQ/ref=cm_cr_tr_tbl_437_name
# 438,Isabelle Klein,amazon.de/gp/profile/amzn1.account.AH3VDNIHA4YLD6KCR33SLPPTS6DQ/ref=cm_cr_tr_tbl_438_name
# 439,Benjamin & Kati,amazon.de/gp/profile/amzn1.account.AF6J4RGDKCI2SPWGAGPG7DX4D5XA/ref=cm_cr_tr_tbl_439_name
# 440,S. T.,amazon.de/gp/profile/amzn1.account.AG2LBFTXBJO332MX5AN2WNTC3OSQ/ref=cm_cr_tr_tbl_440_name
# 441,Harald B√∂rschig,amazon.de/gp/profile/amzn1.account.AEJ2VW4UYB6SQLSM3VKD5JGRKMUA/ref=cm_cr_tr_tbl_441_name
# 442,Der,amazon.de/gp/profile/amzn1.account.AFXUAAVZIU66O37KJFLNNTNTH6MA/ref=cm_cr_tr_tbl_442_name
# 443,Unkaputtbar,amazon.de/gp/profile/amzn1.account.AHLKTPCJFZPHPSWOO7AW5EZTMUYA/ref=cm_cr_tr_tbl_443_name
# 444,Roger Lewin,amazon.de/gp/profile/amzn1.account.AH5UWFASSRSD7CKENYS3FZHS222A/ref=cm_cr_tr_tbl_444_name
# 445,Humpf,amazon.de/gp/profile/amzn1.account.AHX4PFJTSK4VBJWWVOYHVJE3YL7Q/ref=cm_cr_tr_tbl_445_name
# 446,Norbert Sammelbesteller,amazon.de/gp/profile/amzn1.account.AEHNJ2WEHUGVLJFCRN4WC7FUHE7Q/ref=cm_cr_tr_tbl_446_name
# 447,MrFun,amazon.de/gp/profile/amzn1.account.AFPFCTB22T2IIUBN6G5KSMQG4BPQ/ref=cm_cr_tr_tbl_447_name
# 448,Muschelsucher,amazon.de/gp/profile/amzn1.account.AFVF5VO7LGW7JMN6EI2WZD3HVULQ/ref=cm_cr_tr_tbl_448_name
# 449,Wolfgang E.,amazon.de/gp/profile/amzn1.account.AGLB25HVOJ2FYOUEN56DBZUN2BMA/ref=cm_cr_tr_tbl_449_name
# 450,Sally,amazon.de/gp/profile/amzn1.account.AEVPRHZBUVPCI4DZFAO7ABE2E3FQ/ref=cm_cr_tr_tbl_450_name
# 451,Anne,amazon.de/gp/profile/amzn1.account.AEKCLJZGJSKSIJUYD47KDZ7GGJSQ/ref=cm_cr_tr_tbl_451_name
# 452,Oliver,amazon.de/gp/profile/amzn1.account.AHA5LZ4XVV5DNMBHL44XSLTSXMAQ/ref=cm_cr_tr_tbl_452_name
# 453,majorcrampas,amazon.de/gp/profile/amzn1.account.AHPF2GWD7EA5UBIRGAM5L2TJKVJQ/ref=cm_cr_tr_tbl_453_name
# 454,Ira Moritz,amazon.de/gp/profile/amzn1.account.AGHCENQPTMA3DL4N6TCRYXCJU2TQ/ref=cm_cr_tr_tbl_454_name
# 455,JOKO,amazon.de/gp/profile/amzn1.account.AHZCPXR5WYTJ5OPAQRQXKGPCP6IQ/ref=cm_cr_tr_tbl_455_name
# 456,emptor,amazon.de/gp/profile/amzn1.account.AGE46NFHW7M2BTRVJVJRMEERXCFA/ref=cm_cr_tr_tbl_456_name
# 457,Carmens Buecherkabinett,amazon.de/gp/profile/amzn1.account.AEDZAPGESLP2HVWRKJKKYSDCML3Q/ref=cm_cr_tr_tbl_457_name
# 458,Lilian Grobis,amazon.de/gp/profile/amzn1.account.AG5OZJMKFKTHVU5OEKCJJGFIJNYA/ref=cm_cr_tr_tbl_458_name
# 459,Leseratte,amazon.de/gp/profile/amzn1.account.AEVUUEDAHH3WQXEIKWM4KJFBY4HA/ref=cm_cr_tr_tbl_459_name
# 460,MR,amazon.de/gp/profile/amzn1.account.AH3RRST33WR7OZW7J2PJKPNQL34A/ref=cm_cr_tr_tbl_460_name
