first name,last name,hello@example.com,password
first name,last name,hello@example.com,password
first name,last name,hello@example.com,password
first name,last name,hello@example.com,password
first name,last name,hello@example.com,password
first name,last name,hello@example.com,password
first name,last name,hello@example.com,password
first name,last name,hello@example.com,password
first name,last name,hello@example.com,password
first name,last name,hello@example.com,password
first name,last name,hello@example.com,password
first name,last name,hello@example.com,password
first name,last name,hello@example.com,password
first name,last name,hello@example.com,password
first name,last name,hello@example.com,password
first name,last name,hello@example.com,password
first name,last name,hello@example.com,password
first name,last name,hello@example.com,password
first name,last name,hello@example.com,password
first name,last name,hello@example.com,password
first name,last name,hello@example.com,password
first name,last name,hello@example.com,password
first name,last name,hello@example.com,password
first name,last name,hello@example.com,password
first name,last name,hello@example.com,password
first name,last name,hello@example.com,password
